Kode_Kab;Kabupaten;Provinsi;PE;TPAK;RASIOPUSKES;RASIOSMA;AHH;HLS;RLS;PENG
ID5201;Lombok Barat;NTB;3,4;70,48;,118644;,099099;67,19;13,95;6,42;11334
ID5202;Lombok Tengah;NTB;4,03;75,05;,163842;,174174;66,38;13,85;6,29;9962
ID5203;Lombok Timur;NTB;3,12;69,48;,19774;,207207;66,16;13,9;6,71;9450
ID5204;Sumbawa;NTB;1,87;66,86;,146893;,084084;67,73;13,07;8,15;9167
ID5205;Dompu;NTB;1,68;67,56;,056497;,078078;66,99;13,53;8,72;8899
ID5206;Bima;NTB;1,79;71,65;,118644;,162162;66,5;13,39;7,91;8495
ID5207;Sumbawa Barat;NTB;,33;71,02;,050847;,027027;68,31;13,64;8,72;11548
ID5208;Lombok Utara;NTB;1,38;73,43;,045198;,039039;67,36;12,76;6,04;957
ID5271;Kota Mataram;NTB;3,27;65,61;,062147;,084084;71,88;15,64;9,54;14999
ID5272;Kota Bima;NTB;2,08;75,46;,039548;,045045;70,5;15,04;10,65;11135
ID5301;Sumba Barat;NTT;1,03;74,14;,021739;,015517;67,12;13,12;6,84;7307
ID5302;Sumba Timur;NTT;1,05;72,39;,05314;,039655;65,16;12,83;7,32;9354
ID5303;Kupang;NTT;2,57;73,76;,060386;,106897;64,91;13,86;7,39;7476
ID5304;Timor Tengah Selatan;NTT;2,41;78,59;,089372;,081034;66,46;12,58;6,74;6839
ID5305;Timor Tengah Utara;NTT;2,31;78,41;,062802;,051724;67,09;13,32;7,96;6324
ID5306;Belu;NTT;1,75;70,81;,033816;,043103;64,89;12,28;7,36;7431
ID5307;Alor;NTT;2,5;72,4;,062802;,062069;61,64;12,24;8,42;6751
ID5308;Lembata;NTT;1,53;68,24;,024155;,024138;67,2;12,43;8,23;7257
ID5309;Flores Timur;NTT;,55;71,8;,050725;,041379;65,31;12,92;7,72;7578
ID5310;Sikka;NTT;1,98;73,92;,060386;,041379;67,45;13,43;6,95;8021
ID5311;Ende;NTT;2,13;77,57;,060386;,036207;65,43;13,79;8,03;9027
ID5312;Ngada;NTT;1,11;72,49;,048309;,031034;68,12;12,71;8,53;8819
ID5313;Manggarai;NTT;,92;77,6;,060386;,046552;67,11;13,69;7,61;7133
ID5314;Rote Ndao;NTT;2,08;74,16;,028986;,024138;64,88;13,19;7,71;6503
ID5315;Manggarai Barat;NTT;1,29;73,18;,05314;,053448;67,46;12,29;7,56;7410
ID5316;Sumba Tengah;NTT;1,41;69,12;,021739;,006897;68,42;13,04;6,47;6061
ID5317;Sumba Barat Daya;NTT;2,08;83,33;,038647;,044828;68,57;13,07;6,35;6355
ID5318;nagekeo;NTT;1,95;67,19;,019324;,025862;67,25;12,49;7,9;8254
ID5319;Manggarai Timur;NTT;2,29;81,95;,062802;,07931;68,07;12,26;7,35;5780
ID5320;Sabu Raijua;NTT;1,55;68,82;,012077;,013793;60,66;13,15;6,66;5256
ID5321;Malaka;NTT;1,92;70,1;,043478;,058621;65,01;12,79;7,1;5861
ID5371;Kota Kupang;NTT;1,1;62,34;,031401;,072414;69,73;16,41;11,6;13218
ID6101;Kabupaten Sambas;Kalimantan Barat;2,73;72,84;,114754;,080357;69,08;13;6,72;9828
ID6102;Kabupaten Bengkayang;Kalimantan Barat;2,22;70,16;,069672;,066964;73,84;12;6,8;9193
ID6103;Kabupaten Landak;Kalimantan Barat;3,75;70,19;,065574;,100446;73,04;12;7,12;7431
ID6104;Kabupaten Mempawah;Kalimantan Barat;2,31;60,86;,057377;,026786;71,18;13;7,04;7758
ID6105;Kabupaten Sanggau;Kalimantan Barat;3,23;69,41;,077869;,066964;71,42;12;7,39;8328
ID6106;Kabupaten Ketapang;Kalimantan Barat;3,06;64,44;,098361;,080357;71,11;12;7,46;9209
ID6107;Kabupaten Sintang;Kalimantan Barat;3,11;77,78;,086066;,084821;71,84;12;7,08;8708
ID6108;Kabupaten Kapuas Hulu;Kalimantan Barat;3,9;72,35;,090164;,069196;72,53;12;7,53;7168
ID6109;Kabupaten Sekadau;Kalimantan Barat;3,53;71,98;,04918;,046875;72,05;12;6,85;7462
ID6110;Kabupaten Melawi;Kalimantan Barat;2,83;72,31;,045082;,046875;72,98;11;6,91;8415
ID6111;Kabupaten Kayong Utara;Kalimantan Barat;2,51;65,53;,045082;,029018;68,48;12;6,02;7920
ID6112;Kabupaten Kubu Raya;Kalimantan Barat;3,95;67,47;,081967;,142857;70,69;14;7;8630
ID6171;Kota Pontianak;Kalimantan Barat;3,63;61,94;,081967;,118304;73,12;15;10,4;14610
ID6172;Kota Singkawang;Kalimantan Barat;3,24;64,31;,036885;,040179;72,18;13;7,9;11767
ID6201;Kotawaringin Barat;Kalimantan Tengah;5,61;70,01;,093596;,049793;70,68;12,73;8,53;13117
ID6202;Kotawaringin Timur;Kalimantan Tengah;2,1;66,57;,103448;,099585;69,9;12,85;8,15;11866
ID6203;K a p u a s;Kalimantan Tengah;4,71;70,23;,128079;,082988;68,78;12,93;7,6;11148
ID6204;Barito Selatan;Kalimantan Tengah;2,03;63,48;,059113;,095436;67,19;12,66;8,95;11492
ID6205;Barito Utara;Kalimantan Tengah;2,82;70,45;,073892;,062241;71,3;12,5;8,85;9951
ID6206;Sukamara;Kalimantan Tengah;4,74;71,82;,024631;,020747;71,56;12,13;8,09;8773
ID6207;Lamandau;Kalimantan Tengah;4,01;70,44;,054187;,045643;69,39;12,49;8,43;11234
ID6208;Seruyan;Kalimantan Tengah;2,12;71,46;,059113;,053942;69,26;12;7,96;9420
ID6209;Katingan;Kalimantan Tengah;2,9;64,38;,078818;,095436;65,87;12,81;8,68;10568
ID6210;Pulang Pisau;Kalimantan Tengah;3,24;73,45;,059113;,078838;68,1;12,42;8,19;10082
ID6211;Gunung Mas;Kalimantan Tengah;5,09;69,7;,098522;,058091;70,46;11,9;9,18;10809
ID6212;Barito Timur;Kalimantan Tengah;2,97;78,4;,054187;,045643;68,31;12,84;9,23;11322
ID6213;Murung Raya;Kalimantan Tengah;4,4;67,62;,064039;,099585;69,53;11,76;7,61;10449
ID6271;Kota Palangka Raya;Kalimantan Tengah;4,32;63,3;,049261;,112033;73,24;14,96;11,53;14070
ID6301;Tanah Laut;Kalimantan Selatan;3,47;72,27;,080508475;,092084006;70;12;7,89;11310
ID6302;Kotabaru;Kalimantan Selatan;3,36;67,5;,118644068;,100161551;69;12;7,46;11720
ID6303;Banjar;Kalimantan Selatan;3,21;70,84;,105932203;,119547658;67;13;7,52;12707
ID6304;Barito Kuala;Kalimantan Selatan;3,17;75,48;,080508475;,098546042;66;12;7,55;9868
ID6305;Tapin;Kalimantan Selatan;3,41;70,31;,055084746;,042003231;71;12;7,77;11952
ID6306;Hulu Sungai Selatan;Kalimantan Selatan;4,18;69,25;,088983051;,059773829;66;12;7,76;12736
ID6307;Hulu Sungai Tengah;Kalimantan Selatan;3,01;70,2;,080508475;,059773829;66;12;8,01;12280
ID6308;Hulu Sungai Utara;Kalimantan Selatan;3,23;71,41;,055084746;,050080775;64;13;7,75;9644
ID6309;Tabalong;Kalimantan Selatan;3,28;71,49;,076271186;,096930533;71;13;9,11;11470
ID6310;Tanah Bumbu;Kalimantan Selatan;4,23;68,29;,059322034;,098546042;70;12;7,97;11844
ID6311;Balangan;Kalimantan Selatan;3,26;75,38;,046610169;,042003231;68;12;7,69;11500
ID6371;Kota Banjarmasin;Kalimantan Selatan;3,41;63,19;,110169492;,10177706;71;14;10,2;14432
ID6372;Kota Banjarbaru;Kalimantan Selatan;3,32;65,95;,042372881;,038772213;72;15;10,96;13789
ID6401;Paser;Kalimantan Timur;5,41;65,34;,101064;,074561;72,88;13,25;8,79;10673
ID6402;Kutai Barat;Kalimantan Timur;4,18;72,53;,101064;,096491;73,1;13,02;8,7;10062
ID6403;Kutai Kartanegara;Kalimantan Timur;2,67;64,46;,175532;,22807;72,64;13,6;9,23;11048
ID6404;Kutai Timur;Kalimantan Timur;-1,01;67,97;,111702;,096491;73,46;12,9;9,43;10868
ID6405;Berau;Kalimantan Timur;5,36;65,55;,12234;,083333;72,32;13,33;9,53;12435
ID6409;Penajam Paser Utara;Kalimantan Timur;-1,69;66,85;,058511;,04386;71,68;12,57;8,36;11651
ID6411;Mahakam Ulu;Kalimantan Timur;1,27;74,83;,021277;,030702;72,33;12,61;8,18;7802
ID6471;Kota Balikpapan;Kalimantan Timur;4,56;64,29;,143617;,114035;74,76;14,22;10,91;14862
ID6472;Kota Samarinda;Kalimantan Timur;2,76;64,29;,132979;,184211;74,54;15,09;10,49;14582
ID6474;Kota Bontang;Kalimantan Timur;1,6;66,63;,031915;,048246;74,55;13,17;10,8;16765
ID6501;Malinau;Kalimantan Utara;4,7;71,49;,3;,287879;71,49;13,31;9,4;9928
ID6502;Bulungan;Kalimantan Utara;4,01;68,62;,2;,227273;72,74;13,01;9,19;9423
ID6503;Tana Tidung;Kalimantan Utara;4,29;67,35;,083333;,045455;71,49;12,22;8,8;7676
ID6504;Nunukan;Kalimantan Utara;4,07;66,11;,3;,242424;71,4;12,65;8,17;7064
ID6571;Tarakan;Kalimantan Utara;4,02;63,34;,116667;,19697;74,04;14,03;9,98;11261
ID7101;Bolaang Mongondow;Sulawesi Utara;3,87;4,85;,090909;,056769;69,45;11,53;8,03;10220
ID7102;Minahasa;Sulawesi Utara;3,53;6,14;,10101;,144105;71,16;14,15;9,73;12481
ID7103;Kepulauan Sangihe;Sulawesi Utara;5,99;4,72;,080808;,078603;70,18;12,47;8,34;11524
ID7104;Kepulauan Talaud;Sulawesi Utara;3,34;2,3;,106061;,082969;70,24;12,59;9,72;8558
ID7105;Minahasa Selatan;Sulawesi Utara;4,91;4,9;,090909;,082969;70,01;12,83;9,09;11554
ID7106;Minahasa Utara;Sulawesi Utara;5,96;8,12;,055556;,09607;71,4;12,92;10;11481
ID7107;Bolaang Mongondow Utara;Sulawesi Utara;3,46;5,23;,055556;,017467;67,73;12,17;8,41;9143
ID7108;Siau Tagulandang Biaro;Sulawesi Utara;4,43;3,39;,070707;,021834;70,87;11,86;9,03;8145
ID7109;Minahasa Tenggara;Sulawesi Utara;4,29;3,39;,065657;,048035;70,21;12,43;9,11;10479
ID7110;Bolaang Mongondow Selatan;Sulawesi Utara;3,74;4,6;,045455;,017467;64,49;12,3;8,15;8939
ID7111;Bolaang Mongondow Timur;Sulawesi Utara;3,05;5,99;,040404;,017467;67,94;11,86;7,93;9115
ID7171;Kota Manado;Sulawesi Utara;5,14;12,17;,090909;,20524;71,9;14,16;11,42;13991
ID7172;Kota Bitung;Sulawesi Utara;4,6;9,96;,045455;,056769;71,1;12,62;9,89;12271
ID7173;Kota Tomohon;Sulawesi Utara;2,05;8,84;,035354;,043668;72,06;14,21;10,74;11851
ID7174;Kota Kotamobagu;Sulawesi Utara;4,2;7,32;,025253;,030568;70,6;12,88;10,31;10848
ID7201;Banggai Kepulauan;Sulawesi Tengah;5,07;71,98;,063636;,079295;66,59;13,07;8,44;7453
ID7202;Banggai;Sulawesi Tengah;1,86;71,8;,122727;,145374;70,88;13,25;8,53;9603
ID7203;Morowali;Sulawesi Tengah;25,31;63,75;,059091;,039648;69,23;13,35;9,34;1128
ID7204;Poso;Sulawesi Tengah;4,86;73,54;,1;,0837;71,19;13,71;9,5;8850
ID7205;Donggala;Sulawesi Tengah;4,64;67,47;,086364;,0837;67,5;12,51;7,98;82
ID7206;Tolitoli;Sulawesi Tengah;4,36;64,04;,068182;,061674;66,18;12,89;8,76;7947
ID7207;Buol;Sulawesi Tengah;4,88;67,52;,059091;,052863;69,05;13,1;9,08;7974
ID7208;Parigi Moutong;Sulawesi Tengah;4,72;68,82;,1;,105727;64,35;12,48;7,74;9675
ID7209;Tojo UnanaUna;Sulawesi Tengah;4,25;74,86;,077273;,061674;65,9;12,29;8,4;7621
ID7210;Sigi;Sulawesi Tengah;5,05;70,76;,090909;,088106;70,09;12,88;8,82;8171
ID7211;Banggai Laut;Sulawesi Tengah;4,37;61,42;,045455;,026432;65,67;12,96;8,63;7707
ID7212;Morowali Utara;Sulawesi Tengah;10,47;68,47;,063636;,044053;69,71;12,25;8,72;8890
ID7271;Kota Palu;Sulawesi Tengah;5,97;65,07;,063636;,127753;71,09;16,28;11,72;14894
ID7301;Kepulauan Selayar;Sulawesi Selatan;4,02;69,07;,031712;,018487;68,52;12,66;8,08;960
ID7302;Bulukumba;Sulawesi Selatan;4,76;65,46;,044397;,035294;68,1;13,41;7,82;10632
ID7303;Bantaeng;Sulawesi Selatan;8,86;74,32;,027484;,011765;70,6;12,05;6,77;11829
ID7304;Jeneponto;Sulawesi Selatan;5,4;67,39;,040169;,040336;66,49;12,1;6,6;9215
ID7305;Takalar;Sulawesi Selatan;5,05;65,84;,035941;,042017;67,3;12,42;7,49;10543
ID7306;Gowa;Sulawesi Selatan;7,26;68,89;,054968;,080672;70,45;13,65;8,2;9504
ID7307;Sinjai;Sulawesi Selatan;5,23;71,91;,027484;,026891;67,38;13,06;7,78;9505
ID7308;Maros;Sulawesi Selatan;1,36;59,61;,027484;,055462;69,04;13,16;8,01;1132
ID7309;Pangkajene Dan Kepulauan;Sulawesi Selatan;3,46;64,43;,048626;,053782;66,78;12,77;7,92;11519
ID7310;Barru;Sulawesi Selatan;4,77;58,14;,027484;,013445;69,07;13,59;8,24;1117
ID7311;Bone;Sulawesi Selatan;5,53;65,67;,080338;,062185;67,21;12,98;7,23;930
ID7312;Soppeng;Sulawesi Selatan;6,15;58,94;,035941;,020168;69,81;13,05;7,82;9558
ID7313;Wajo;Sulawesi Selatan;6,77;64,58;,048626;,033613;67,48;13,15;7,05;12505
ID7314;Sidenreng Rappang;Sulawesi Selatan;5,54;58,7;,029598;,026891;70,01;12,95;7,94;12201
ID7315;Pinrang;Sulawesi Selatan;5,04;57,78;,035941;,02521;69,77;13,24;7,87;11956
ID7316;Enrekang;Sulawesi Selatan;6,36;72,64;,029598;,028571;70,93;13,71;8,91;10973
ID7317;Luwu;Sulawesi Selatan;6,03;64,22;,044397;,042017;70,44;13,39;8,35;10116
ID7318;Tana Toraja;Sulawesi Selatan;5,19;77,99;,048626;,030252;73,4;13,86;8,51;7434
ID7322;Luwu Utara;Sulawesi Selatan;3,9;63,07;,033827;,031933;68,67;12,57;7,86;11736
ID7325;Luwu Timur;Sulawesi Selatan;1,39;73,14;,042283;,031933;70,63;12,84;8,81;12886
ID7326;Toraja Utara;Sulawesi Selatan;4,05;71,56;,059197;,02521;73,41;13,39;8,25;8134
ID7371;Kota Makassar;Sulawesi Selatan;4,47;59,7;,103594;,22521;72,13;15,58;11,43;1797
ID7372;Kota Parepare;Sulawesi Selatan;4,41;66,94;,016913;,016807;71,31;14,51;10,65;13786
ID7373;Kota Palopo;Sulawesi Selatan;5,41;59,95;,02537;,021849;70,92;15,09;10,94;13117
ID7401;Buton;Sulawesi Tenggara;2,62;64,42;,048109966;,07541;68,39;13,76;7,92;7324
ID7402;Muna;Sulawesi Tenggara;3,18;66,5;,099656357;,111475;70,41;13,8;8,46;8218
ID7403;Konawe;Sulawesi Tenggara;6,51;70;,10652921;,091803;70,32;13,01;9,21;10151
ID7404;Kolaka;Sulawesi Tenggara;4,21;69,83;,048109966;,04918;71,21;12,83;8,99;12525
ID7405;Konawe Selatan;Sulawesi Tenggara;4,84;71,98;,085910653;,095082;70,87;12,37;8,11;959
ID7406;Bombana;Sulawesi Tenggara;3,5;72,77;,075601375;,081967;69,09;11,85;8,04;831
ID7407;Wakatobi;Sulawesi Tenggara;4,02;70,63;,065292096;,062295;70,48;13,51;8,16;928
ID7408;Kolaka Utara;Sulawesi Tenggara;2,66;79,76;,054982818;,02623;70,36;12,15;8,22;10244
ID7409;Buton Utara;Sulawesi Tenggara;4,08;75,63;,034364261;,036066;70,93;12,92;8,93;7496
ID7410;Konawe Utara;Sulawesi Tenggara;4,59;70,6;,075601375;,036066;69,53;13,08;9,3;9181
ID7411;Kolaka Timur;Sulawesi Tenggara;4,83;74,79;,041237113;,045902;72,82;12,69;7,84;7753
ID7412;Konawe Kepulauan;Sulawesi Tenggara;2,3;70,76;,030927835;,019672;68,43;12,32;9,42;6738
ID7413;Muna Barat;Sulawesi Tenggara;4,09;71,96;,051546392;,039344;70,35;12,51;7,3;7502
ID7414;Buton Tengah;Sulawesi Tenggara;3,12;63,93;,04467354;,059016;67,69;13,12;7,31;7244
ID7415;Buton Selatan;Sulawesi Tenggara;2,29;73,4;,030927835;,04918;67,69;13,24;7,54;7279
ID7471;Kota Kendari;Sulawesi Tenggara;3,86;65,34;,051546392;,081967;73,83;16,89;12,51;14356
ID7472;Kota Baubau;Sulawesi Tenggara;4,15;68,95;,054982818;,039344;71,25;15,17;10,91;10503
ID7501;Boalemo;Gorontalo;2,03;3,57;,11828;,173913;69,3;12,45;7;8940
ID7502;Gorontalo;Gorontalo;2,42;2,12;,225806;,289855;67,69;13,18;7,3;9412
ID7503;Pohuwato;Gorontalo;2,2;2,45;,172043;,115942;64,3;12,38;7,26;10409
ID7504;Bone Bolango;Gorontalo;2,18;3,45;,215054;,130435;68,52;13,65;8,32;10198
ID7505;Gorontalo Utara;Gorontalo;2,2;2,3;,16129;,15942;65,93;12,46;7,15;964
ID7571;Kota Gorontalo;Gorontalo;2,81;4,55;,107527;,130435;72,53;14,5;10,37;12390
ID7601;Majene;Sulawesi Barat;2,16;2,85;,11;,079545;61,77;13,62;8,91;1028
ID7602;Polewali Mandar;Sulawesi Barat;1,86;3,38;,22;,193182;62,53;13,38;7,44;8548
ID7603;Mamasa;Sulawesi Barat;1,98;2,18;,18;,238636;70,94;12,36;7,88;7736
ID7604;Mamuju;Sulawesi Barat;2,4;3,79;,23;,238636;67,77;13,24;7,96;9494
ID7605;Pasangkayu;Sulawesi Barat;3,84;3,13;,15;,136364;66,45;11,95;8,09;1172
ID7606;Mamuju Tengah;Sulawesi Barat;3,39;2,52;,11;,113636;68,55;12,53;7,51;8408
ID8101;Kepulauan Tanimbar;Maluku;3,83;68,96;,055046;,070922;63,45;12,3;9,69;6335
ID8102;Maluku Tenggara;Maluku;3,42;64,58;,087156;,056738;65,14;12,82;9,76;7580
ID8103;Maluku Tengah;Maluku;3,22;62,59;,155963;,280142;66,45;14,17;9,68;10243
ID8104;Buru;Maluku;3,02;70,82;,045872;,053191;66,44;13,04;8,79;10347
ID8105;Kepulauan Aru;Maluku;3,47;65,81;,137615;,039007;62,96;12,31;8,83;7623
ID8106;Seram Bagian Barat;Maluku;3,4;72,2;,077982;,134752;61,85;13,48;8,92;8720
ID8107;Seram Bagian Timur;Maluku;1,59;69,07;,087156;,078014;59,62;12,77;8,46;9480
ID8108;Maluku Barat Daya;Maluku;2,64;76,66;,12844;,074468;62,55;12,35;8,59;6918
ID8109;Buru Selatan;Maluku;3,5;75,39;,059633;,053191;66,36;12,7;7,95;7600
ID8171;Ambon;Maluku;3,92;61,56;,09633;,120567;70,63;16,04;12,2;14148
ID8172;Tual;Maluku;3,46;60,61;,068807;,039007;65,68;13,98;10,53;7405
ID8201;Halmahera Barat;Maluku Utara;1,5;64,88;,09396;,129482;66,34;13,2;8,37;7467
ID8202;Halmahera Tengah;Maluku Utara;162;63,02;,073826;,057769;64,15;13,11;9,01;7966
ID8203;Kepulauan Sula;Maluku Utara;1,34;63,76;,087248;,101594;63,39;12,77;9;7040
ID8204;Halmahera Selatan;Maluku Utara;14,04;68,87;,221477;,237052;65,93;12,79;8,1;7142
ID8205;Halmahera Utara;Maluku Utara;3,3;64,39;,161074;,133466;69,61;13,61;8,62;7519
ID8206;Halmahera Timur;Maluku Utara;8,43;64,8;,107383;,089641;69,08;12,76;8,27;7973
ID8207;Pulau Morotai;Maluku Utara;2,62;67,71;,067114;,051793;67,35;12,93;7,4;6378
ID8208;Pulau Taliabu;Maluku Utara;13,05;69,23;,053691;,065737;62,22;12,65;7,67;6467
ID8271;Kota Ternate;Maluku Utara;2,88;59,58;,073826;,059761;71,06;15,75;11,81;13290
ID8272;Kota Tidore Kepulauan;Maluku Utara;1,35;66,2;,060403;,073705;69,43;14,32;9,95;8316
ID9101;Fakfak;Papua Barat;,97;71,53;,055866;,068111;68,5;14,63;8,97;7446
ID9102;Kaimana;Papua Barat;-2,09;75,65;,055866;,055728;64,93;12,41;8,58;8151
ID9103;Teluk Wondama;Papua Barat;1,09;74,97;,072626;,052632;60,24;11,63;7,08;8034
ID9104;Teluk Bintuni;Papua Barat;-2,29;67,35;,139665;,108359;60,99;12,42;8,22;9708
ID9105;Manokwari;Papua Barat;3,2;71,49;,078212;,120743;68,82;13,66;8,34;11977
ID9106;Sorong Selatan;Papua Barat;3,51;80,07;,083799;,074303;66,39;13,17;7,49;6188
ID9107;Sorong;Papua Barat;1,62;68,89;,111732;,139319;66,22;13,72;8,33;7350
ID9108;Raja Ampat;Papua Barat;13,54;66,43;,111732;,111455;64,83;12,06;8,02;7882
ID9109;Tambrauw;Papua Barat;,52;75,61;,067039;,04644;60,2;12,18;5,39;4903
ID9110;Maybrat;Papua Barat;1,16;81,51;,083799;,040248;65,25;13,47;6,96;5245
ID9111;Manokwari Selatan;Papua Barat;1,45;84,61;,039106;,034056;67,6;12,35;6,63;5505
ID9112;Pegunungan Arfak;Papua Barat;4,17;94,71;,050279;,043344;67,26;11,72;5,12;5009
ID9171;Kota Sorong;Papua Barat;-1,44;61,4;,050279;,105263;70,93;14,39;11,19;13744
ID9401;Merauke;Papua;2,02;70,69;,058166;,077236;67,07;14,14;8,73;10201
ID9402;Jayawijaya;Papua;1,29;84,14;,049217;,056911;59,9;12,53;5,6;7545
ID9403;Jayapura;Papua;5,06;67,97;,04698;,093496;67,16;14,39;10,05;9989
ID9404;nabire;Papua;4,44;73,09;,060403;,081301;68,15;12,18;10,01;8856
ID9408;Kepulauan Yapen;Papua;4,84;63,94;,033557;,04878;69,17;12,74;9,47;7491
ID9409;Biak Numfor;Papua;2,19;69,47;,04698;,077236;68,29;14,2;10,34;9607
ID9410;Paniai;Papua;1,65;89,26;,03132;,02439;66,62;10,5;4,77;6377
ID9411;Puncak Jaya;Papua;1,41;91,39;,011186;,00813;65,33;7,49;3,74;5289
ID9412;Mimika;Papua;36,78;64,77;,049217;,069106;72,36;12,69;10,18;11400
ID9413;Boven Digoel;Papua;1,03;79,72;,044743;,01626;60,32;11,08;8,79;7864
ID9414;Mappi;Papua;1,13;61,6;,038031;,02439;65,31;10,79;6,51;6327
ID9415;Asmat;Papua;2,1;81,16;,044743;,01626;58,59;9,3;5,08;5736
ID9416;Yahukimo;Papua;1,9;85,47;,064877;,028455;66,05;7,62;4,27;4895
ID9417;Pegunungan Bintang;Papua;2,58;87,88;,069351;,020325;64,54;6,47;3,04;5429
ID9418;Tolikara;Papua;,96;90,61;,06264;,020325;65,83;8,61;3,65;4841
ID9419;Sarmi;Papua;1,5;68,57;,024609;,01626;66,46;12,29;8,83;6617
ID9420;Keerom;Papua;2,83;76,91;,020134;,03252;66,78;12,43;8,02;8926
ID9426;Waropen;Papua;1,35;56,39;,024609;,01626;66,42;12,8;9,21;6788
ID9427;Supiori;Papua;1,57;68,56;,011186;,028455;66,06;13;8,87;5708
ID9428;Mamberamo Raya;Papua;1,33;66,84;,024609;,020325;58;11,8;5,87;4603
ID9429;Nduga;Papua;2,71;97,93;,029083;,00813;55,43;3,87;1,42;3976
ID9430;Lanny Jaya;Papua;1,82;95,66;,020134;,03252;66,11;8,89;3,43;4393
ID9431;Mamberamo Tengah;Papua;1,48;95,84;,01566;,020325;63,75;9,22;3,33;4487
ID9432;Yalimo;Papua;2,37;93,68;,026846;,020325;65,49;9,32;3,01;4664
ID9433;Puncak;Papua;,72;89,43;,024609;,01626;65,86;5,4;2,16;5412
ID9434;Dogiyai;Papua;1,22;78,2;,020134;,00813;65,85;10,59;4,94;5415
ID9435;Intan Jaya;Papua;1,09;75,75;,004474;,004065;65,69;7,66;3,09;5328
ID9436;Deiyai;Papua;1,27;85,01;,011186;,012195;65,36;9,82;3,25;4673
ID9471;Kota Jayapura;Papua;3,28;63,75;,03132;,101626;70,52;15,02;11,57;14937
 ; ; ; ; ; ; ; ; ; ; 
 ; ; ; ; ; ; ; ; ; ; 
 ; ; ; ; ; ; ; ; ; ; 
 ; ; ; ; ; ; ; ; ; ; 
 ; ; ; ; ; ; ; ; ; ; 
 ; ; ; ; ; ; ; ; ; ; 
 ; ; ; ; ; ; ; ; ; ; 
 ; ; ; ; ; ; ; ; ; ; 
 ; ; ; ; ; ; ; ; ; ; 
 ; ; ; ; ; ; ; ; ; ; 
 ; ; ; ; ; ; ; ; ; ; 
 ; ; ; ; ; ; ; ; ; ; 
 ; ; ; ; ; ; ; ; ; ; 
 ; ; ; ; ; ; ; ; ; ; 
 ; ; ; ; ; ; ; ; ; ; 
 ; ; ; ; ; ; ; ; ; ; 
 ; ; ; ; ; ; ; ; ; ; 
 ; ; ; ; ; ; ; ; ; ; 
 ; ; ; ; ; ; ; ; ; ; 
 ; ; ; ; ; ; ; ; ; ; 
 ; ; ; ; ; ; ; ; ; ; 
 ; ; ; ; ; ; ; ; ; ; 
 ; ; ; ; ; ; ; ; ; ; 
 ; ; ; ; ; ; ; ; ; ; 
 ; ; ; ; ; ; ; ; ; ; 
 ; ; ; ; ; ; ; ; ; ; 
 ; ; ; ; ; ; ; ; ; ; 
 ; ; ; ; ; ; ; ; ; ; 
 ; ; ; ; ; ; ; ; ; ; 
 ; ; ; ; ; ; ; ; ; ; 
 ; ; ; ; ; ; ; ; ; ; 
 ; ; ; ; ; ; ; ; ; ; 
 ; ; ; ; ; ; ; ; ; ; 
 ; ; ; ; ; ; ; ; ; ; 
 ; ; ; ; ; ; ; ; ; ; 
 ; ; ; ; ; ; ; ; ; ; 
 ; ; ; ; ; ; ; ; ; ; 
 ; ; ; ; ; ; ; ; ; ; 
 ; ; ; ; ; ; ; ; ; ; 
 ; ; ; ; ; ; ; ; ; ; 
 ; ; ; ; ; ; ; ; ; ; 
 ; ; ; ; ; ; ; ; ; ; 
 ; ; ; ; ; ; ; ; ; ; 
 ; ; ; ; ; ; ; ; ; ; 
 ; ; ; ; ; ; ; ; ; ; 
 ; ; ; ; ; ; ; ; ; ; 
 ; ; ; ; ; ; ; ; ; ; 
 ; ; ; ; ; ; ; ; ; ; 
 ; ; ; ; ; ; ; ; ; ; 
 ; ; ; ; ; ; ; ; ; ; 
 ; ; ; ; ; ; ; ; ; ; 
 ; ; ; ; ; ; ; ; ; ; 
 ; ; ; ; ; ; ; ; ; ; 
 ; ; ; ; ; ; ; ; ; ; 
 ; ; ; ; ; ; ; ; ; ; 
 ; ; ; ; ; ; ; ; ; ; 
 ; ; ; ; ; ; ; ; ; ; 
 ; ; ; ; ; ; ; ; ; ; 
 ; ; ; ; ; ; ; ; ; ; 
 ; ; ; ; ; ; ; ; ; ; 
 ; ; ; ; ; ; ; ; ; ; 
 ; ; ; ; ; ; ; ; ; ; 
 ; ; ; ; ; ; ; ; ; ; 
 ; ; ; ; ; ; ; ; ; ; 
 ; ; ; ; ; ; ; ; ; ; 
 ; ; ; ; ; ; ; ; ; ; 
 ; ; ; ; ; ; ; ; ; ; 
 ; ; ; ; ; ; ; ; ; ; 
 ; ; ; ; ; ; ; ; ; ; 
 ; ; ; ; ; ; ; ; ; ; 
 ; ; ; ; ; ; ; ; ; ; 
 ; ; ; ; ; ; ; ; ; ; 
 ; ; ; ; ; ; ; ; ; ; 
 ; ; ; ; ; ; ; ; ; ; 
 ; ; ; ; ; ; ; ; ; ; 
 ; ; ; ; ; ; ; ; ; ; 
 ; ; ; ; ; ; ; ; ; ; 
 ; ; ; ; ; ; ; ; ; ; 
 ; ; ; ; ; ; ; ; ; ; 
 ; ; ; ; ; ; ; ; ; ; 
 ; ; ; ; ; ; ; ; ; ; 
 ; ; ; ; ; ; ; ; ; ; 
 ; ; ; ; ; ; ; ; ; ; 
 ; ; ; ; ; ; ; ; ; ; 
 ; ; ; ; ; ; ; ; ; ; 
 ; ; ; ; ; ; ; ; ; ; 
 ; ; ; ; ; ; ; ; ; ; 
 ; ; ; ; ; ; ; ; ; ; 
 ; ; ; ; ; ; ; ; ; ; 
 ; ; ; ; ; ; ; ; ; ; 
 ; ; ; ; ; ; ; ; ; ; 
 ; ; ; ; ; ; ; ; ; ; 
 ; ; ; ; ; ; ; ; ; ; 
 ; ; ; ; ; ; ; ; ; ; 
 ; ; ; ; ; ; ; ; ; ; 
 ; ; ; ; ; ; ; ; ; ; 
 ; ; ; ; ; ; ; ; ; ; 
 ; ; ; ; ; ; ; ; ; ; 
 ; ; ; ; ; ; ; ; ; ; 
 ; ; ; ; ; ; ; ; ; ; 
 ; ; ; ; ; ; ; ; ; ; 
 ; ; ; ; ; ; ; ; ; ; 
 ; ; ; ; ; ; ; ; ; ; 
 ; ; ; ; ; ; ; ; ; ; 
 ; ; ; ; ; ; ; ; ; ; 
 ; ; ; ; ; ; ; ; ; ; 
 ; ; ; ; ; ; ; ; ; ; 
 ; ; ; ; ; ; ; ; ; ; 
 ; ; ; ; ; ; ; ; ; ; 
 ; ; ; ; ; ; ; ; ; ; 
 ; ; ; ; ; ; ; ; ; ; 
 ; ; ; ; ; ; ; ; ; ; 
 ; ; ; ; ; ; ; ; ; ; 
 ; ; ; ; ; ; ; ; ; ; 
 ; ; ; ; ; ; ; ; ; ; 
 ; ; ; ; ; ; ; ; ; ; 
 ; ; ; ; ; ; ; ; ; ; 
 ; ; ; ; ; ; ; ; ; ; 
 ; ; ; ; ; ; ; ; ; ; 
 ; ; ; ; ; ; ; ; ; ; 
 ; ; ; ; ; ; ; ; ; ; 
 ; ; ; ; ; ; ; ; ; ; 
 ; ; ; ; ; ; ; ; ; ; 
 ; ; ; ; ; ; ; ; ; ; 
 ; ; ; ; ; ; ; ; ; ; 
 ; ; ; ; ; ; ; ; ; ; 
 ; ; ; ; ; ; ; ; ; ; 
 ; ; ; ; ; ; ; ; ; ; 
 ; ; ; ; ; ; ; ; ; ; 
 ; ; ; ; ; ; ; ; ; ; 
 ; ; ; ; ; ; ; ; ; ; 
 ; ; ; ; ; ; ; ; ; ; 
 ; ; ; ; ; ; ; ; ; ; 
 ; ; ; ; ; ; ; ; ; ; 
 ; ; ; ; ; ; ; ; ; ; 
 ; ; ; ; ; ; ; ; ; ; 
 ; ; ; ; ; ; ; ; ; ; 
 ; ; ; ; ; ; ; ; ; ; 
 ; ; ; ; ; ; ; ; ; ; 
 ; ; ; ; ; ; ; ; ; ; 
 ; ; ; ; ; ; ; ; ; ; 
 ; ; ; ; ; ; ; ; ; ; 
 ; ; ; ; ; ; ; ; ; ; 
 ; ; ; ; ; ; ; ; ; ; 
 ; ; ; ; ; ; ; ; ; ; 
 ; ; ; ; ; ; ; ; ; ; 
 ; ; ; ; ; ; ; ; ; ; 
 ; ; ; ; ; ; ; ; ; ; 
 ; ; ; ; ; ; ; ; ; ; 
 ; ; ; ; ; ; ; ; ; ; 
 ; ; ; ; ; ; ; ; ; ; 
 ; ; ; ; ; ; ; ; ; ; 
 ; ; ; ; ; ; ; ; ; ; 
 ; ; ; ; ; ; ; ; ; ; 
 ; ; ; ; ; ; ; ; ; ; 
 ; ; ; ; ; ; ; ; ; ; 
 ; ; ; ; ; ; ; ; ; ; 
 ; ; ; ; ; ; ; ; ; ; 
 ; ; ; ; ; ; ; ; ; ; 
 ; ; ; ; ; ; ; ; ; ; 
 ; ; ; ; ; ; ; ; ; ; 
 ; ; ; ; ; ; ; ; ; ; 
 ; ; ; ; ; ; ; ; ; ; 
 ; ; ; ; ; ; ; ; ; ; 
 ; ; ; ; ; ; ; ; ; ; 
 ; ; ; ; ; ; ; ; ; ; 
 ; ; ; ; ; ; ; ; ; ; 
 ; ; ; ; ; ; ; ; ; ; 
 ; ; ; ; ; ; ; ; ; ; 
 ; ; ; ; ; ; ; ; ; ; 
 ; ; ; ; ; ; ; ; ; ; 
 ; ; ; ; ; ; ; ; ; ; 
 ; ; ; ; ; ; ; ; ; ; 
 ; ; ; ; ; ; ; ; ; ; 
 ; ; ; ; ; ; ; ; ; ; 
 ; ; ; ; ; ; ; ; ; ; 
 ; ; ; ; ; ; ; ; ; ; 
 ; ; ; ; ; ; ; ; ; ; 
 ; ; ; ; ; ; ; ; ; ; 
 ; ; ; ; ; ; ; ; ; ; 
 ; ; ; ; ; ; ; ; ; ; 
 ; ; ; ; ; ; ; ; ; ; 
 ; ; ; ; ; ; ; ; ; ; 
 ; ; ; ; ; ; ; ; ; ; 
 ; ; ; ; ; ; ; ; ; ; 
 ; ; ; ; ; ; ; ; ; ; 
 ; ; ; ; ; ; ; ; ; ; 
 ; ; ; ; ; ; ; ; ; ; 
 ; ; ; ; ; ; ; ; ; ; 
 ; ; ; ; ; ; ; ; ; ; 
 ; ; ; ; ; ; ; ; ; ; 
 ; ; ; ; ; ; ; ; ; ; 
 ; ; ; ; ; ; ; ; ; ; 
 ; ; ; ; ; ; ; ; ; ; 
 ; ; ; ; ; ; ; ; ; ; 
 ; ; ; ; ; ; ; ; ; ; 
 ; ; ; ; ; ; ; ; ; ; 
 ; ; ; ; ; ; ; ; ; ; 
 ; ; ; ; ; ; ; ; ; ; 
 ; ; ; ; ; ; ; ; ; ; 
 ; ; ; ; ; ; ; ; ; ; 
 ; ; ; ; ; ; ; ; ; ; 
 ; ; ; ; ; ; ; ; ; ; 
 ; ; ; ; ; ; ; ; ; ; 
 ; ; ; ; ; ; ; ; ; ; 
 ; ; ; ; ; ; ; ; ; ; 
 ; ; ; ; ; ; ; ; ; ; 
 ; ; ; ; ; ; ; ; ; ; 
 ; ; ; ; ; ; ; ; ; ; 
 ; ; ; ; ; ; ; ; ; ; 
 ; ; ; ; ; ; ; ; ; ; 
 ; ; ; ; ; ; ; ; ; ; 
 ; ; ; ; ; ; ; ; ; ; 
 ; ; ; ; ; ; ; ; ; ; 
 ; ; ; ; ; ; ; ; ; ; 
 ; ; ; ; ; ; ; ; ; ; 
 ; ; ; ; ; ; ; ; ; ; 
 ; ; ; ; ; ; ; ; ; ; 
 ; ; ; ; ; ; ; ; ; ; 
 ; ; ; ; ; ; ; ; ; ; 
 ; ; ; ; ; ; ; ; ; ; 
 ; ; ; ; ; ; ; ; ; ; 
 ; ; ; ; ; ; ; ; ; ; 
 ; ; ; ; ; ; ; ; ; ; 
 ; ; ; ; ; ; ; ; ; ; 
 ; ; ; ; ; ; ; ; ; ; 
 ; ; ; ; ; ; ; ; ; ; 
 ; ; ; ; ; ; ; ; ; ; 
 ; ; ; ; ; ; ; ; ; ; 
 ; ; ; ; ; ; ; ; ; ; 
 ; ; ; ; ; ; ; ; ; ; 
 ; ; ; ; ; ; ; ; ; ; 
 ; ; ; ; ; ; ; ; ; ; 
 ; ; ; ; ; ; ; ; ; ; 
 ; ; ; ; ; ; ; ; ; ; 
 ; ; ; ; ; ; ; ; ; ; 
 ; ; ; ; ; ; ; ; ; ; 
 ; ; ; ; ; ; ; ; ; ; 
 ; ; ; ; ; ; ; ; ; ; 
 ; ; ; ; ; ; ; ; ; ; 
 ; ; ; ; ; ; ; ; ; ; 
 ; ; ; ; ; ; ; ; ; ; 
 ; ; ; ; ; ; ; ; ; ; 
 ; ; ; ; ; ; ; ; ; ; 
 ; ; ; ; ; ; ; ; ; ; 
 ; ; ; ; ; ; ; ; ; ; 
 ; ; ; ; ; ; ; ; ; ; 
 ; ; ; ; ; ; ; ; ; ; 
 ; ; ; ; ; ; ; ; ; ; 
 ; ; ; ; ; ; ; ; ; ; 
 ; ; ; ; ; ; ; ; ; ; 
 ; ; ; ; ; ; ; ; ; ; 
 ; ; ; ; ; ; ; ; ; ; 
 ; ; ; ; ; ; ; ; ; ; 
 ; ; ; ; ; ; ; ; ; ; 
 ; ; ; ; ; ; ; ; ; ; 
 ; ; ; ; ; ; ; ; ; ; 
 ; ; ; ; ; ; ; ; ; ; 
 ; ; ; ; ; ; ; ; ; ; 
 ; ; ; ; ; ; ; ; ; ; 
 ; ; ; ; ; ; ; ; ; ; 
 ; ; ; ; ; ; ; ; ; ; 
 ; ; ; ; ; ; ; ; ; ; 
 ; ; ; ; ; ; ; ; ; ; 
 ; ; ; ; ; ; ; ; ; ; 
 ; ; ; ; ; ; ; ; ; ; 
 ; ; ; ; ; ; ; ; ; ; 
 ; ; ; ; ; ; ; ; ; ; 
 ; ; ; ; ; ; ; ; ; ; 
 ; ; ; ; ; ; ; ; ; ; 
 ; ; ; ; ; ; ; ; ; ; 
 ; ; ; ; ; ; ; ; ; ; 
 ; ; ; ; ; ; ; ; ; ; 
 ; ; ; ; ; ; ; ; ; ; 
 ; ; ; ; ; ; ; ; ; ; 
 ; ; ; ; ; ; ; ; ; ; 
 ; ; ; ; ; ; ; ; ; ; 
 ; ; ; ; ; ; ; ; ; ; 
 ; ; ; ; ; ; ; ; ; ; 
 ; ; ; ; ; ; ; ; ; ; 
 ; ; ; ; ; ; ; ; ; ; 
 ; ; ; ; ; ; ; ; ; ; 
 ; ; ; ; ; ; ; ; ; ; 
 ; ; ; ; ; ; ; ; ; ; 
 ; ; ; ; ; ; ; ; ; ; 
 ; ; ; ; ; ; ; ; ; ; 
 ; ; ; ; ; ; ; ; ; ; 
 ; ; ; ; ; ; ; ; ; ; 
 ; ; ; ; ; ; ; ; ; ; 
 ; ; ; ; ; ; ; ; ; ; 
 ; ; ; ; ; ; ; ; ; ; 
 ; ; ; ; ; ; ; ; ; ; 
 ; ; ; ; ; ; ; ; ; ; 
 ; ; ; ; ; ; ; ; ; ; 
 ; ; ; ; ; ; ; ; ; ; 
 ; ; ; ; ; ; ; ; ; ; 
 ; ; ; ; ; ; ; ; ; ; 
 ; ; ; ; ; ; ; ; ; ; 
 ; ; ; ; ; ; ; ; ; ; 
 ; ; ; ; ; ; ; ; ; ; 
 ; ; ; ; ; ; ; ; ; ; 
 ; ; ; ; ; ; ; ; ; ; 
 ; ; ; ; ; ; ; ; ; ; 
 ; ; ; ; ; ; ; ; ; ; 
 ; ; ; ; ; ; ; ; ; ; 
 ; ; ; ; ; ; ; ; ; ; 
 ; ; ; ; ; ; ; ; ; ; 
 ; ; ; ; ; ; ; ; ; ; 
 ; ; ; ; ; ; ; ; ; ; 
 ; ; ; ; ; ; ; ; ; ; 
 ; ; ; ; ; ; ; ; ; ; 
 ; ; ; ; ; ; ; ; ; ; 
 ; ; ; ; ; ; ; ; ; ; 
 ; ; ; ; ; ; ; ; ; ; 
 ; ; ; ; ; ; ; ; ; ; 
 ; ; ; ; ; ; ; ; ; ; 
 ; ; ; ; ; ; ; ; ; ; 
 ; ; ; ; ; ; ; ; ; ; 
 ; ; ; ; ; ; ; ; ; ; 
 ; ; ; ; ; ; ; ; ; ; 
 ; ; ; ; ; ; ; ; ; ; 
 ; ; ; ; ; ; ; ; ; ; 
 ; ; ; ; ; ; ; ; ; ; 
 ; ; ; ; ; ; ; ; ; ; 
 ; ; ; ; ; ; ; ; ; ; 
 ; ; ; ; ; ; ; ; ; ; 
 ; ; ; ; ; ; ; ; ; ; 
 ; ; ; ; ; ; ; ; ; ; 
 ; ; ; ; ; ; ; ; ; ; 
 ; ; ; ; ; ; ; ; ; ; 
 ; ; ; ; ; ; ; ; ; ; 
 ; ; ; ; ; ; ; ; ; ; 
 ; ; ; ; ; ; ; ; ; ; 
 ; ; ; ; ; ; ; ; ; ; 
 ; ; ; ; ; ; ; ; ; ; 
 ; ; ; ; ; ; ; ; ; ; 
 ; ; ; ; ; ; ; ; ; ; 
 ; ; ; ; ; ; ; ; ; ; 
 ; ; ; ; ; ; ; ; ; ; 
 ; ; ; ; ; ; ; ; ; ; 
 ; ; ; ; ; ; ; ; ; ; 
 ; ; ; ; ; ; ; ; ; ; 
 ; ; ; ; ; ; ; ; ; ; 
 ; ; ; ; ; ; ; ; ; ; 
 ; ; ; ; ; ; ; ; ; ; 
 ; ; ; ; ; ; ; ; ; ; 
 ; ; ; ; ; ; ; ; ; ; 
 ; ; ; ; ; ; ; ; ; ; 
 ; ; ; ; ; ; ; ; ; ; 
 ; ; ; ; ; ; ; ; ; ; 
 ; ; ; ; ; ; ; ; ; ; 
 ; ; ; ; ; ; ; ; ; ; 
 ; ; ; ; ; ; ; ; ; ; 
 ; ; ; ; ; ; ; ; ; ; 
 ; ; ; ; ; ; ; ; ; ; 
 ; ; ; ; ; ; ; ; ; ; 
 ; ; ; ; ; ; ; ; ; ; 
 ; ; ; ; ; ; ; ; ; ; 
 ; ; ; ; ; ; ; ; ; ; 
 ; ; ; ; ; ; ; ; ; ; 
 ; ; ; ; ; ; ; ; ; ; 
 ; ; ; ; ; ; ; ; ; ; 
 ; ; ; ; ; ; ; ; ; ; 
 ; ; ; ; ; ; ; ; ; ; 
 ; ; ; ; ; ; ; ; ; ; 
 ; ; ; ; ; ; ; ; ; ; 
 ; ; ; ; ; ; ; ; ; ; 
 ; ; ; ; ; ; ; ; ; ; 
 ; ; ; ; ; ; ; ; ; ; 
 ; ; ; ; ; ; ; ; ; ; 
 ; ; ; ; ; ; ; ; ; ; 
 ; ; ; ; ; ; ; ; ; ; 
 ; ; ; ; ; ; ; ; ; ; 
 ; ; ; ; ; ; ; ; ; ; 
 ; ; ; ; ; ; ; ; ; ; 
 ; ; ; ; ; ; ; ; ; ; 
 ; ; ; ; ; ; ; ; ; ; 
 ; ; ; ; ; ; ; ; ; ; 
 ; ; ; ; ; ; ; ; ; ; 
 ; ; ; ; ; ; ; ; ; ; 
 ; ; ; ; ; ; ; ; ; ; 
 ; ; ; ; ; ; ; ; ; ; 
 ; ; ; ; ; ; ; ; ; ; 
 ; ; ; ; ; ; ; ; ; ; 
 ; ; ; ; ; ; ; ; ; ; 
 ; ; ; ; ; ; ; ; ; ; 
 ; ; ; ; ; ; ; ; ; ; 
 ; ; ; ; ; ; ; ; ; ; 
 ; ; ; ; ; ; ; ; ; ; 
 ; ; ; ; ; ; ; ; ; ; 
 ; ; ; ; ; ; ; ; ; ; 
 ; ; ; ; ; ; ; ; ; ; 
 ; ; ; ; ; ; ; ; ; ; 
 ; ; ; ; ; ; ; ; ; ; 
 ; ; ; ; ; ; ; ; ; ; 
 ; ; ; ; ; ; ; ; ; ; 
 ; ; ; ; ; ; ; ; ; ; 
 ; ; ; ; ; ; ; ; ; ; 
 ; ; ; ; ; ; ; ; ; ; 
 ; ; ; ; ; ; ; ; ; ; 
 ; ; ; ; ; ; ; ; ; ; 
 ; ; ; ; ; ; ; ; ; ; 
 ; ; ; ; ; ; ; ; ; ; 
 ; ; ; ; ; ; ; ; ; ; 
 ; ; ; ; ; ; ; ; ; ; 
 ; ; ; ; ; ; ; ; ; ; 
 ; ; ; ; ; ; ; ; ; ; 
 ; ; ; ; ; ; ; ; ; ; 
 ; ; ; ; ; ; ; ; ; ; 
 ; ; ; ; ; ; ; ; ; ; 
 ; ; ; ; ; ; ; ; ; ; 
 ; ; ; ; ; ; ; ; ; ; 
 ; ; ; ; ; ; ; ; ; ; 
 ; ; ; ; ; ; ; ; ; ; 
 ; ; ; ; ; ; ; ; ; ; 
 ; ; ; ; ; ; ; ; ; ; 
 ; ; ; ; ; ; ; ; ; ; 
 ; ; ; ; ; ; ; ; ; ; 
 ; ; ; ; ; ; ; ; ; ; 
 ; ; ; ; ; ; ; ; ; ; 
 ; ; ; ; ; ; ; ; ; ; 
 ; ; ; ; ; ; ; ; ; ; 
 ; ; ; ; ; ; ; ; ; ; 
 ; ; ; ; ; ; ; ; ; ; 
 ; ; ; ; ; ; ; ; ; ; 
 ; ; ; ; ; ; ; ; ; ; 
 ; ; ; ; ; ; ; ; ; ; 
 ; ; ; ; ; ; ; ; ; ; 
 ; ; ; ; ; ; ; ; ; ; 
 ; ; ; ; ; ; ; ; ; ; 
 ; ; ; ; ; ; ; ; ; ; 
 ; ; ; ; ; ; ; ; ; ; 
 ; ; ; ; ; ; ; ; ; ; 
 ; ; ; ; ; ; ; ; ; ; 
 ; ; ; ; ; ; ; ; ; ; 
 ; ; ; ; ; ; ; ; ; ; 
 ; ; ; ; ; ; ; ; ; ; 
 ; ; ; ; ; ; ; ; ; ; 
 ; ; ; ; ; ; ; ; ; ; 
 ; ; ; ; ; ; ; ; ; ; 
 ; ; ; ; ; ; ; ; ; ; 
 ; ; ; ; ; ; ; ; ; ; 
 ; ; ; ; ; ; ; ; ; ; 
 ; ; ; ; ; ; ; ; ; ; 
 ; ; ; ; ; ; ; ; ; ; 
 ; ; ; ; ; ; ; ; ; ; 
 ; ; ; ; ; ; ; ; ; ; 
 ; ; ; ; ; ; ; ; ; ; 
 ; ; ; ; ; ; ; ; ; ; 
 ; ; ; ; ; ; ; ; ; ; 
 ; ; ; ; ; ; ; ; ; ; 
 ; ; ; ; ; ; ; ; ; ; 
 ; ; ; ; ; ; ; ; ; ; 
 ; ; ; ; ; ; ; ; ; ; 
 ; ; ; ; ; ; ; ; ; ; 
 ; ; ; ; ; ; ; ; ; ; 
 ; ; ; ; ; ; ; ; ; ; 
 ; ; ; ; ; ; ; ; ; ; 
 ; ; ; ; ; ; ; ; ; ; 
 ; ; ; ; ; ; ; ; ; ; 
 ; ; ; ; ; ; ; ; ; ; 
 ; ; ; ; ; ; ; ; ; ; 
 ; ; ; ; ; ; ; ; ; ; 
 ; ; ; ; ; ; ; ; ; ; 
 ; ; ; ; ; ; ; ; ; ; 
 ; ; ; ; ; ; ; ; ; ; 
 ; ; ; ; ; ; ; ; ; ; 
 ; ; ; ; ; ; ; ; ; ; 
 ; ; ; ; ; ; ; ; ; ; 
 ; ; ; ; ; ; ; ; ; ; 
 ; ; ; ; ; ; ; ; ; ; 
 ; ; ; ; ; ; ; ; ; ; 
 ; ; ; ; ; ; ; ; ; ; 
 ; ; ; ; ; ; ; ; ; ; 
 ; ; ; ; ; ; ; ; ; ; 
 ; ; ; ; ; ; ; ; ; ; 
 ; ; ; ; ; ; ; ; ; ; 
 ; ; ; ; ; ; ; ; ; ; 
 ; ; ; ; ; ; ; ; ; ; 
 ; ; ; ; ; ; ; ; ; ; 
 ; ; ; ; ; ; ; ; ; ; 
 ; ; ; ; ; ; ; ; ; ; 
 ; ; ; ; ; ; ; ; ; ; 
 ; ; ; ; ; ; ; ; ; ; 
 ; ; ; ; ; ; ; ; ; ; 
 ; ; ; ; ; ; ; ; ; ; 
 ; ; ; ; ; ; ; ; ; ; 
 ; ; ; ; ; ; ; ; ; ; 
 ; ; ; ; ; ; ; ; ; ; 
 ; ; ; ; ; ; ; ; ; ; 
 ; ; ; ; ; ; ; ; ; ; 
 ; ; ; ; ; ; ; ; ; ; 
 ; ; ; ; ; ; ; ; ; ; 
 ; ; ; ; ; ; ; ; ; ; 
 ; ; ; ; ; ; ; ; ; ; 
 ; ; ; ; ; ; ; ; ; ; 
 ; ; ; ; ; ; ; ; ; ; 
 ; ; ; ; ; ; ; ; ; ; 
 ; ; ; ; ; ; ; ; ; ; 
 ; ; ; ; ; ; ; ; ; ; 
 ; ; ; ; ; ; ; ; ; ; 
 ; ; ; ; ; ; ; ; ; ; 
 ; ; ; ; ; ; ; ; ; ; 
 ; ; ; ; ; ; ; ; ; ; 
 ; ; ; ; ; ; ; ; ; ; 
 ; ; ; ; ; ; ; ; ; ; 
 ; ; ; ; ; ; ; ; ; ; 
 ; ; ; ; ; ; ; ; ; ; 
 ; ; ; ; ; ; ; ; ; ; 
 ; ; ; ; ; ; ; ; ; ; 
 ; ; ; ; ; ; ; ; ; ; 
 ; ; ; ; ; ; ; ; ; ; 
 ; ; ; ; ; ; ; ; ; ; 
 ; ; ; ; ; ; ; ; ; ; 
 ; ; ; ; ; ; ; ; ; ; 
 ; ; ; ; ; ; ; ; ; ; 
 ; ; ; ; ; ; ; ; ; ; 
 ; ; ; ; ; ; ; ; ; ; 
 ; ; ; ; ; ; ; ; ; ; 
 ; ; ; ; ; ; ; ; ; ; 
 ; ; ; ; ; ; ; ; ; ; 
 ; ; ; ; ; ; ; ; ; ; 
 ; ; ; ; ; ; ; ; ; ; 
 ; ; ; ; ; ; ; ; ; ; 
 ; ; ; ; ; ; ; ; ; ; 
 ; ; ; ; ; ; ; ; ; ; 
 ; ; ; ; ; ; ; ; ; ; 
 ; ; ; ; ; ; ; ; ; ; 
 ; ; ; ; ; ; ; ; ; ; 
 ; ; ; ; ; ; ; ; ; ; 
 ; ; ; ; ; ; ; ; ; ; 
 ; ; ; ; ; ; ; ; ; ; 
 ; ; ; ; ; ; ; ; ; ; 
 ; ; ; ; ; ; ; ; ; ; 
 ; ; ; ; ; ; ; ; ; ; 
 ; ; ; ; ; ; ; ; ; ; 
 ; ; ; ; ; ; ; ; ; ; 
 ; ; ; ; ; ; ; ; ; ; 
 ; ; ; ; ; ; ; ; ; ; 
 ; ; ; ; ; ; ; ; ; ; 
 ; ; ; ; ; ; ; ; ; ; 
 ; ; ; ; ; ; ; ; ; ; 
 ; ; ; ; ; ; ; ; ; ; 
 ; ; ; ; ; ; ; ; ; ; 
 ; ; ; ; ; ; ; ; ; ; 
 ; ; ; ; ; ; ; ; ; ; 
 ; ; ; ; ; ; ; ; ; ; 
 ; ; ; ; ; ; ; ; ; ; 
 ; ; ; ; ; ; ; ; ; ; 
 ; ; ; ; ; ; ; ; ; ; 
 ; ; ; ; ; ; ; ; ; ; 
 ; ; ; ; ; ; ; ; ; ; 
 ; ; ; ; ; ; ; ; ; ; 
 ; ; ; ; ; ; ; ; ; ; 
 ; ; ; ; ; ; ; ; ; ; 
 ; ; ; ; ; ; ; ; ; ; 
 ; ; ; ; ; ; ; ; ; ; 
 ; ; ; ; ; ; ; ; ; ; 
 ; ; ; ; ; ; ; ; ; ; 
 ; ; ; ; ; ; ; ; ; ; 
 ; ; ; ; ; ; ; ; ; ; 
 ; ; ; ; ; ; ; ; ; ; 
 ; ; ; ; ; ; ; ; ; ; 
 ; ; ; ; ; ; ; ; ; ; 
 ; ; ; ; ; ; ; ; ; ; 
 ; ; ; ; ; ; ; ; ; ; 
 ; ; ; ; ; ; ; ; ; ; 
 ; ; ; ; ; ; ; ; ; ; 
 ; ; ; ; ; ; ; ; ; ; 
 ; ; ; ; ; ; ; ; ; ; 
 ; ; ; ; ; ; ; ; ; ; 
 ; ; ; ; ; ; ; ; ; ; 
 ; ; ; ; ; ; ; ; ; ; 
 ; ; ; ; ; ; ; ; ; ; 
 ; ; ; ; ; ; ; ; ; ; 
 ; ; ; ; ; ; ; ; ; ; 
 ; ; ; ; ; ; ; ; ; ; 
 ; ; ; ; ; ; ; ; ; ; 
 ; ; ; ; ; ; ; ; ; ; 
 ; ; ; ; ; ; ; ; ; ; 
 ; ; ; ; ; ; ; ; ; ; 
 ; ; ; ; ; ; ; ; ; ; 
 ; ; ; ; ; ; ; ; ; ; 
 ; ; ; ; ; ; ; ; ; ; 
 ; ; ; ; ; ; ; ; ; ; 
 ; ; ; ; ; ; ; ; ; ; 
 ; ; ; ; ; ; ; ; ; ; 
 ; ; ; ; ; ; ; ; ; ; 
 ; ; ; ; ; ; ; ; ; ; 
 ; ; ; ; ; ; ; ; ; ; 
 ; ; ; ; ; ; ; ; ; ; 
 ; ; ; ; ; ; ; ; ; ; 
 ; ; ; ; ; ; ; ; ; ; 
 ; ; ; ; ; ; ; ; ; ; 
 ; ; ; ; ; ; ; ; ; ; 
 ; ; ; ; ; ; ; ; ; ; 
 ; ; ; ; ; ; ; ; ; ; 
 ; ; ; ; ; ; ; ; ; ; 
 ; ; ; ; ; ; ; ; ; ; 
 ; ; ; ; ; ; ; ; ; ; 
 ; ; ; ; ; ; ; ; ; ; 
 ; ; ; ; ; ; ; ; ; ; 
 ; ; ; ; ; ; ; ; ; ; 
 ; ; ; ; ; ; ; ; ; ; 
 ; ; ; ; ; ; ; ; ; ; 
 ; ; ; ; ; ; ; ; ; ; 
 ; ; ; ; ; ; ; ; ; ; 
 ; ; ; ; ; ; ; ; ; ; 
 ; ; ; ; ; ; ; ; ; ; 
 ; ; ; ; ; ; ; ; ; ; 
 ; ; ; ; ; ; ; ; ; ; 
 ; ; ; ; ; ; ; ; ; ; 
 ; ; ; ; ; ; ; ; ; ; 
 ; ; ; ; ; ; ; ; ; ; 
 ; ; ; ; ; ; ; ; ; ; 
 ; ; ; ; ; ; ; ; ; ; 
 ; ; ; ; ; ; ; ; ; ; 
 ; ; ; ; ; ; ; ; ; ; 
 ; ; ; ; ; ; ; ; ; ; 
 ; ; ; ; ; ; ; ; ; ; 
 ; ; ; ; ; ; ; ; ; ; 
 ; ; ; ; ; ; ; ; ; ; 
 ; ; ; ; ; ; ; ; ; ; 
 ; ; ; ; ; ; ; ; ; ; 
 ; ; ; ; ; ; ; ; ; ; 
 ; ; ; ; ; ; ; ; ; ; 
 ; ; ; ; ; ; ; ; ; ; 
 ; ; ; ; ; ; ; ; ; ; 
 ; ; ; ; ; ; ; ; ; ; 
 ; ; ; ; ; ; ; ; ; ; 
 ; ; ; ; ; ; ; ; ; ; 
 ; ; ; ; ; ; ; ; ; ; 
 ; ; ; ; ; ; ; ; ; ; 
 ; ; ; ; ; ; ; ; ; ; 
 ; ; ; ; ; ; ; ; ; ; 
 ; ; ; ; ; ; ; ; ; ; 
 ; ; ; ; ; ; ; ; ; ; 
 ; ; ; ; ; ; ; ; ; ; 
 ; ; ; ; ; ; ; ; ; ; 
 ; ; ; ; ; ; ; ; ; ; 
 ; ; ; ; ; ; ; ; ; ; 
 ; ; ; ; ; ; ; ; ; ; 
 ; ; ; ; ; ; ; ; ; ; 
 ; ; ; ; ; ; ; ; ; ; 
 ; ; ; ; ; ; ; ; ; ; 
 ; ; ; ; ; ; ; ; ; ; 
 ; ; ; ; ; ; ; ; ; ; 
 ; ; ; ; ; ; ; ; ; ; 
 ; ; ; ; ; ; ; ; ; ; 
 ; ; ; ; ; ; ; ; ; ; 
 ; ; ; ; ; ; ; ; ; ; 
 ; ; ; ; ; ; ; ; ; ; 
 ; ; ; ; ; ; ; ; ; ; 
 ; ; ; ; ; ; ; ; ; ; 
 ; ; ; ; ; ; ; ; ; ; 
 ; ; ; ; ; ; ; ; ; ; 
 ; ; ; ; ; ; ; ; ; ; 
 ; ; ; ; ; ; ; ; ; ; 
 ; ; ; ; ; ; ; ; ; ; 
 ; ; ; ; ; ; ; ; ; ; 
 ; ; ; ; ; ; ; ; ; ; 
 ; ; ; ; ; ; ; ; ; ; 
 ; ; ; ; ; ; ; ; ; ; 
 ; ; ; ; ; ; ; ; ; ; 
 ; ; ; ; ; ; ; ; ; ; 
 ; ; ; ; ; ; ; ; ; ; 
 ; ; ; ; ; ; ; ; ; ; 
 ; ; ; ; ; ; ; ; ; ; 
 ; ; ; ; ; ; ; ; ; ; 
 ; ; ; ; ; ; ; ; ; ; 
 ; ; ; ; ; ; ; ; ; ; 
 ; ; ; ; ; ; ; ; ; ; 
 ; ; ; ; ; ; ; ; ; ; 
 ; ; ; ; ; ; ; ; ; ; 
 ; ; ; ; ; ; ; ; ; ; 
 ; ; ; ; ; ; ; ; ; ; 
 ; ; ; ; ; ; ; ; ; ; 
 ; ; ; ; ; ; ; ; ; ; 
 ; ; ; ; ; ; ; ; ; ; 
 ; ; ; ; ; ; ; ; ; ; 
 ; ; ; ; ; ; ; ; ; ; 
 ; ; ; ; ; ; ; ; ; ; 
 ; ; ; ; ; ; ; ; ; ; 
 ; ; ; ; ; ; ; ; ; ; 
 ; ; ; ; ; ; ; ; ; ; 
 ; ; ; ; ; ; ; ; ; ; 
 ; ; ; ; ; ; ; ; ; ; 
 ; ; ; ; ; ; ; ; ; ; 
 ; ; ; ; ; ; ; ; ; ; 
 ; ; ; ; ; ; ; ; ; ; 
 ; ; ; ; ; ; ; ; ; ; 
 ; ; ; ; ; ; ; ; ; ; 
 ; ; ; ; ; ; ; ; ; ; 
 ; ; ; ; ; ; ; ; ; ; 
 ; ; ; ; ; ; ; ; ; ; 
 ; ; ; ; ; ; ; ; ; ; 
 ; ; ; ; ; ; ; ; ; ; 
 ; ; ; ; ; ; ; ; ; ; 
 ; ; ; ; ; ; ; ; ; ; 
 ; ; ; ; ; ; ; ; ; ; 
 ; ; ; ; ; ; ; ; ; ; 
 ; ; ; ; ; ; ; ; ; ; 
 ; ; ; ; ; ; ; ; ; ; 
 ; ; ; ; ; ; ; ; ; ; 
 ; ; ; ; ; ; ; ; ; ; 
 ; ; ; ; ; ; ; ; ; ; 
 ; ; ; ; ; ; ; ; ; ; 
 ; ; ; ; ; ; ; ; ; ; 
 ; ; ; ; ; ; ; ; ; ; 
 ; ; ; ; ; ; ; ; ; ; 
 ; ; ; ; ; ; ; ; ; ; 
 ; ; ; ; ; ; ; ; ; ; 
 ; ; ; ; ; ; ; ; ; ; 
 ; ; ; ; ; ; ; ; ; ; 
 ; ; ; ; ; ; ; ; ; ; 
 ; ; ; ; ; ; ; ; ; ; 
 ; ; ; ; ; ; ; ; ; ; 
 ; ; ; ; ; ; ; ; ; ; 
 ; ; ; ; ; ; ; ; ; ; 
 ; ; ; ; ; ; ; ; ; ; 
 ; ; ; ; ; ; ; ; ; ; 
 ; ; ; ; ; ; ; ; ; ; 
 ; ; ; ; ; ; ; ; ; ; 
 ; ; ; ; ; ; ; ; ; ; 
 ; ; ; ; ; ; ; ; ; ; 
 ; ; ; ; ; ; ; ; ; ; 
 ; ; ; ; ; ; ; ; ; ; 
 ; ; ; ; ; ; ; ; ; ; 
 ; ; ; ; ; ; ; ; ; ; 
 ; ; ; ; ; ; ; ; ; ; 
 ; ; ; ; ; ; ; ; ; ; 
 ; ; ; ; ; ; ; ; ; ; 
 ; ; ; ; ; ; ; ; ; ; 
 ; ; ; ; ; ; ; ; ; ; 
 ; ; ; ; ; ; ; ; ; ; 
 ; ; ; ; ; ; ; ; ; ; 
 ; ; ; ; ; ; ; ; ; ; 
 ; ; ; ; ; ; ; ; ; ; 
 ; ; ; ; ; ; ; ; ; ; 
 ; ; ; ; ; ; ; ; ; ; 
 ; ; ; ; ; ; ; ; ; ; 
 ; ; ; ; ; ; ; ; ; ; 
 ; ; ; ; ; ; ; ; ; ; 
 ; ; ; ; ; ; ; ; ; ; 
 ; ; ; ; ; ; ; ; ; ; 
 ; ; ; ; ; ; ; ; ; ; 
 ; ; ; ; ; ; ; ; ; ; 
 ; ; ; ; ; ; ; ; ; ; 
 ; ; ; ; ; ; ; ; ; ; 
 ; ; ; ; ; ; ; ; ; ; 
 ; ; ; ; ; ; ; ; ; ; 
 ; ; ; ; ; ; ; ; ; ; 
 ; ; ; ; ; ; ; ; ; ; 
 ; ; ; ; ; ; ; ; ; ; 
 ; ; ; ; ; ; ; ; ; ; 
 ; ; ; ; ; ; ; ; ; ; 
 ; ; ; ; ; ; ; ; ; ; 
 ; ; ; ; ; ; ; ; ; ; 
 ; ; ; ; ; ; ; ; ; ; 
 ; ; ; ; ; ; ; ; ; ; 
 ; ; ; ; ; ; ; ; ; ; 
 ; ; ; ; ; ; ; ; ; ; 
 ; ; ; ; ; ; ; ; ; ; 
 ; ; ; ; ; ; ; ; ; ; 
 ; ; ; ; ; ; ; ; ; ; 
 ; ; ; ; ; ; ; ; ; ; 
 ; ; ; ; ; ; ; ; ; ; 
